{"Grundschulen": {"Friedrich-Schiller": [680945.101047016, 5641551.18008518], "Heinrich-Heine": [682528.48346332, 5645724.06974709], "Nordschule": [681900.773780045, 5646217.15341248], "Saaletalschule": [683279.477653444, 5640184.88643237], "Schule am Rautal": [683511.09079498, 5647892.65345445], "S\u00fcdschule": [680471.74029279, 5644245.082253], "Talschule": [683060.342534688, 5644306.75066577], "Westschule": [680855.614825416, 5645349.41579062]}, "Gesamtschulen": {"Werkstattschule": [683892.667242233, 5639931.81857166], "An der Trie\u00dfnitz": [680982.622322833, 5641482.62932788], "Galileo": [681524.790831505, 5641098.23985223], "Jenaplan-Schule": [680567.492779273, 5644207.21746282], "Kaleidoskop": [683279.477653444, 5640184.88643237], "Kulturanum": [683063.560362062, 5640016.85633692], "Lobdeburgschule": [683774.203987597, 5640953.39012704], "Montessorischule": [682539.312806176, 5646862.12868364], "Wenigenjena": [682747.153605355, 5645947.33856513]}}